Chess pieces balance;M0;M1;M2;M3;M4;M5;M6;M7;M8;M9;M10;M11;M12;M13;M14;M15;M16;M17;M18;M19;M20;M21;M22;M23;M24;M25;M26;M27;M28;M29;M30;M31;M32;M33;M34;M35;M36;M37;M38;M39;M40;M41;M42;M43;M44;M45;M46;M47;M48;M49;M50;M51;M52;M53;M54;M55;M56;M57;M58;M59;M60;M61;M62;M63;M64;M65;M66;M67;M68;M69;M70;M71;M72;M73;M74;M75;M76;M77;M78;M79;M80;M81;M82;M83;M84;M85;M86;M87;M88;M89;M90;M91;M92;M93;M94;M95;M96;M97;M98;M99;M100;M101;M102;M103;M104;M105;M106;M107;M108;M109;M110;M111;M112;M113;M114;M115;M116;M117;M118;M119;M120;M121;M122;M123;M124;M125;M126;M127;M128;M129;M130;M131;M132;M133;M134;M135;M136;M137;M138;M139;M140;M141;M142;M143;M144;M145;M146;M147;M148;M149;M150;M151;M152
WhitePawnA;1.00;1.00;1.00;1.00;1.00;1.00;1.00;1.00;1.00;1.00;0.00;0.33;0.33;0.33;0.33;0.00;0.00;0.00;0.00;0.00;-1.00;-1.00;-1.00;-1.00;-1.00;-1.00;-1.00;0.00;0.00;0.00;0.00;1.00;-1.00;0.00;0.00;0.00;0.00;0.00;1.00;0.00;-1.00;0.50;0.50;0.50;0.50;0.00;-1.00;0.00;-1.00;0.00;1.00;1.00;0.00;0.00;-0.33;0.00;D;D;D;D;D;D;D;D;D;D;D;D;D;D;D;D;D;D;D;D;D;D;D;D;D;D;D;D;D;D;D;D;D;D;D;D;D;D;D;D;D;D;D;D;D;D;D;D;D;D;D;D;D;D;D;D;D;D;D;D;D;D;D;D;D;D;D;D;D;D;D;D;D;D;D;D;D;D;D;D;D;D;D;D;D;D;D;D;D;D;D;D;D;D;D;D;D
WhitePawnB;1.00;0.00;0.00;0.00;-0.50;-1.00;-1.00;-1.00;-1.00;-1.00;D;D;D;D;D;D;D;D;D;D;D;D;D;D;D;D;D;D;D;D;D;D;D;D;D;D;D;D;D;D;D;D;D;D;D;D;D;D;D;D;D;D;D;D;D;D;D;D;D;D;D;D;D;D;D;D;D;D;D;D;D;D;D;D;D;D;D;D;D;D;D;D;D;D;D;D;D;D;D;D;D;D;D;D;D;D;D;D;D;D;D;D;D;D;D;D;D;D;D;D;D;D;D;D;D;D;D;D;D;D;D;D;D;D;D;D;D;D;D;D;D;D;D;D;D;D;D;D;D;D;D;D;D;D;D;D;D;D;D;D;D;D;D
WhitePawnC;1.00;1.00;1.00;1.00;1.00;1.00;1.00;0.00;-0.50;0.00;0.00;0.00;0.00;0.00;0.00;0.00;0.00;0.00;0.00;0.00;0.00;0.00;0.00;0.00;-0.25;0.00;D;D;D;D;D;D;D;D;D;D;D;D;D;D;D;D;D;D;D;D;D;D;D;D;D;D;D;D;D;D;D;D;D;D;D;D;D;D;D;D;D;D;D;D;D;D;D;D;D;D;D;D;D;D;D;D;D;D;D;D;D;D;D;D;D;D;D;D;D;D;D;D;D;D;D;D;D;D;D;D;D;D;D;D;D;D;D;D;D;D;D;D;D;D;D;D;D;D;D;D;D;D;D;D;D;D;D;D;D;D;D;D;D;D;D;D;D;D;D;D;D;D;D;D;D;D;D
WhitePawnD;1.00;1.00;1.00;1.00;1.00;1.00;1.00;1.00;1.00;0.83;0.57;0.67;0.67;0.67;0.67;0.67;0.67;0.60;0.33;0.20;0.50;0.60;0.20;-1.00;D;D;D;D;D;D;D;D;D;D;D;D;D;D;D;D;D;D;D;D;D;D;D;D;D;D;D;D;D;D;D;D;D;D;D;D;D;D;D;D;D;D;D;D;D;D;D;D;D;D;D;D;D;D;D;D;D;D;D;D;D;D;D;D;D;D;D;D;D;D;D;D;D;D;D;D;D;D;D;D;D;D;D;D;D;D;D;D;D;D;D;D;D;D;D;D;D;D;D;D;D;D;D;D;D;D;D;D;D;D;D;D;D;D;D;D;D;D;D;D;D;D;D;D;D;D;D;D;D
WhitePawnE;1.00;1.00;1.00;0.75;0.75;0.75;0.75;0.75;0.75;1.00;1.00;1.00;1.00;1.00;1.00;1.00;1.00;1.00;1.00;1.00;1.00;1.00;1.00;1.00;0.00;0.00;0.00;0.00;0.00;0.00;1.00;1.00;1.00;1.00;1.00;1.00;1.00;1.00;1.00;1.00;1.00;1.00;1.00;1.00;1.00;1.00;1.00;1.00;1.00;1.00;1.00;1.00;1.00;1.00;1.00;1.00;1.00;1.00;1.00;1.00;1.00;0.50;0.50;0.50;0.50;0.00;-0.33;0.00;0.33;0.33;0.33;0.33;0.33;0.00;-0.33;0.00;0.00;0.00;0.00;0.00;0.00;0.00;0.00;0.00;0.00;1.00;1.00;1.00;0.00;0.00;0.00;0.00;0.00;1.00;1.00;1.00;1.00;1.00;1.00;1.00;1.00;1.00;1.00;1.00;1.00;1.00;1.00;1.00;1.00;1.00;1.00;1.00;1.00;0.50;0.50;1.00;1.00;0.50;0.50;1.00;1.00;0.50;0.50;1.00;1.00;0.50;0.50;0.50;0.50;1.00;1.00;1.00;1.00;1.00;1.00;1.00;1.00;1.00;1.00;1.00;1.00;1.00;1.00;1.00;1.00;1.00;1.00;0.00;0.00;0.00;-0.50;-1.00;D
WhitePawnF;1.00;1.00;1.00;1.00;1.00;1.00;1.00;1.00;1.00;0.50;0.50;0.50;0.50;0.50;0.50;0.50;0.50;0.67;0.25;0.25;0.67;0.67;0.67;0.67;0.67;0.67;0.67;0.67;0.67;0.50;0.50;0.50;0.50;0.50;0.50;0.50;0.50;0.50;0.50;0.50;0.50;0.50;0.50;0.50;0.50;0.50;0.50;0.50;0.50;0.50;0.50;0.50;0.50;0.50;0.50;0.50;0.50;0.50;0.50;0.50;0.50;0.50;0.50;0.50;0.50;0.50;1.00;1.00;1.00;1.00;1.00;1.00;1.00;1.00;1.00;0.00;-0.50;-1.00;D;D;D;D;D;D;D;D;D;D;D;D;D;D;D;D;D;D;D;D;D;D;D;D;D;D;D;D;D;D;D;D;D;D;D;D;D;D;D;D;D;D;D;D;D;D;D;D;D;D;D;D;D;D;D;D;D;D;D;D;D;D;D;D;D;D;D;D;D;D;D;D;D;D;D
WhitePawnG;1.00;1.00;1.00;0.50;0.50;0.50;0.50;0.50;0.50;0.50;0.50;0.50;0.50;0.00;0.00;0.00;0.00;0.50;0.50;0.50;0.50;0.50;0.50;0.50;0.50;0.50;0.50;0.50;0.50;0.50;0.50;0.50;0.50;0.50;0.50;0.33;0.33;0.33;0.33;0.33;0.33;0.33;0.33;0.25;0.25;0.40;0.40;0.40;0.75;0.75;0.75;0.50;0.00;0.33;0.33;0.33;0.33;0.33;0.33;1.00;0.00;0.00;0.00;0.00;0.00;0.00;1.00;1.00;1.00;1.00;1.00;1.00;1.00;1.00;1.00;1.00;1.00;1.00;0.00;0.00;1.00;1.00;1.00;1.00;1.00;1.00;1.00;1.00;1.00;1.00;1.00;1.00;1.00;1.00;1.00;1.00;1.00;1.00;1.00;1.00;1.00;1.00;1.00;1.00;1.00;1.00;1.00;1.00;1.00;1.00;1.00;0.00;0.00;1.00;1.00;0.00;0.00;1.00;1.00;0.00;0.00;1.00;1.00;0.00;0.00;1.00;1.00;1.00;1.00;1.00;1.00;1.00;1.00;1.00;1.00;0.00;0.00;1.00;1.00;0.00;-0.50;-0.50;D;D;D;D;D;D;D;D;D;D;D
WhitePawnH;1.00;1.00;1.00;1.00;1.00;1.00;1.00;1.00;1.00;1.00;1.00;1.00;1.00;1.00;1.00;1.00;1.00;1.00;1.00;1.00;1.00;1.00;1.00;1.00;1.00;1.00;1.00;1.00;1.00;1.00;1.00;1.00;1.00;1.00;1.00;0.00;0.00;0.00;0.00;0.00;0.00;0.00;1.00;1.00;1.00;1.00;1.00;1.00;1.00;1.00;1.00;1.00;1.00;1.00;1.00;1.00;1.00;1.00;1.00;0.00;0.00;0.00;0.00;0.50;0.50;0.50;0.50;0.00;0.00;0.00;0.00;0.00;0.00;0.50;0.50;0.50;0.50;0.50;0.50;0.50;0.50;0.50;0.50;0.50;0.50;0.00;0.00;-0.50;-0.50;-0.50;D;D;D;D;D;D;D;D;D;D;D;D;D;D;D;D;D;D;D;D;D;D;D;D;D;D;D;D;D;D;D;D;D;D;D;D;D;D;D;D;D;D;D;D;D;D;D;D;D;D;D;D;D;D;D;D;D;D;D;D;D;D;D
WhiteRookA;0.00;0.00;0.00;0.00;0.00;0.00;0.00;0.00;0.00;0.00;0.00;0.00;0.00;0.00;0.00;0.33;0.33;0.33;0.33;0.50;0.00;0.33;0.33;0.33;0.33;0.33;0.33;0.33;0.33;0.33;0.33;0.33;0.33;0.33;0.33;0.33;0.33;0.00;D;D;D;D;D;D;D;D;D;D;D;D;D;D;D;D;D;D;D;D;D;D;D;D;D;D;D;D;D;D;D;D;D;D;D;D;D;D;D;D;D;D;D;D;D;D;D;D;D;D;D;D;D;D;D;D;D;D;D;D;D;D;D;D;D;D;D;D;D;D;D;D;D;D;D;D;D;D;D;D;D;D;D;D;D;D;D;D;D;D;D;D;D;D;D;D;D;D;D;D;D;D;D;D;D;D;D;D;D;D;D;D;D;D;D
WhiteHorseB;0.50;0.50;0.50;0.50;0.50;0.50;0.50;0.50;0.50;0.50;0.50;0.00;0.00;0.00;0.00;0.00;0.00;0.00;-0.20;-0.09;D;D;D;D;D;D;D;D;D;D;D;D;D;D;D;D;D;D;D;D;D;D;D;D;D;D;D;D;D;D;D;D;D;D;D;D;D;D;D;D;D;D;D;D;D;D;D;D;D;D;D;D;D;D;D;D;D;D;D;D;D;D;D;D;D;D;D;D;D;D;D;D;D;D;D;D;D;D;D;D;D;D;D;D;D;D;D;D;D;D;D;D;D;D;D;D;D;D;D;D;D;D;D;D;D;D;D;D;D;D;D;D;D;D;D;D;D;D;D;D;D;D;D;D;D;D;D;D;D;D;D;D;D
WhiteBishopC;0.33;0.50;0.50;0.50;0.50;0.50;0.50;0.50;0.50;0.50;0.50;0.67;0.67;0.67;0.67;0.67;0.67;0.67;0.67;0.50;0.50;-0.17;D;D;D;D;D;D;D;D;D;D;D;D;D;D;D;D;D;D;D;D;D;D;D;D;D;D;D;D;D;D;D;D;D;D;D;D;D;D;D;D;D;D;D;D;D;D;D;D;D;D;D;D;D;D;D;D;D;D;D;D;D;D;D;D;D;D;D;D;D;D;D;D;D;D;D;D;D;D;D;D;D;D;D;D;D;D;D;D;D;D;D;D;D;D;D;D;D;D;D;D;D;D;D;D;D;D;D;D;D;D;D;D;D;D;D;D;D;D;D;D;D;D;D;D;D;D;D;D;D;D;D
WhiteQueen;0.17;0.17;0.17;0.17;0.17;0.17;0.17;0.20;0.20;0.20;0.20;0.33;0.33;0.43;0.43;0.43;0.43;0.43;0.43;0.50;0.25;0.43;0.43;0.43;0.43;0.43;0.43;0.00;0.00;0.00;-0.17;-0.50;D;D;D;D;D;D;D;D;D;D;D;D;D;D;D;D;D;D;D;D;D;D;D;D;D;D;D;D;D;D;D;D;D;D;D;D;D;D;D;D;D;D;D;D;D;D;D;D;D;D;D;D;D;D;D;D;D;D;D;D;D;D;D;D;D;D;D;D;D;D;D;D;D;D;D;D;D;D;D;D;D;D;D;D;D;D;D;D;D;D;D;D;D;D;D;D;D;D;D;D;D;D;D;D;D;D;D;D;D;D;D;D;D;D;D;D;D;D;D;D;D
WhiteKing;0.17;0.17;0.17;0.29;0.29;0.29;0.29;0.29;0.29;0.33;0.33;0.33;0.33;0.43;0.43;0.43;0.43;0.33;0.33;0.33;0.33;0.33;0.33;0.33;0.33;0.33;0.33;0.33;0.33;0.40;0.40;0.40;0.40;0.40;0.40;0.50;0.50;0.50;0.50;0.50;0.50;0.50;0.50;0.00;0.00;0.00;0.00;0.00;0.00;0.00;0.00;0.25;0.25;0.33;0.33;0.33;0.33;0.00;0.00;0.00;0.00;0.00;0.00;0.00;0.00;0.00;0.00;0.25;0.00;0.33;0.50;0.20;0.00;0.00;0.00;0.00;0.00;0.00;0.00;0.00;0.00;0.00;0.00;0.00;-0.50;0.00;-0.33;0.00;0.00;0.00;0.00;0.00;0.00;0.00;0.00;0.00;0.00;0.00;0.00;0.00;0.00;0.00;0.00;0.00;0.00;0.33;0.33;0.00;0.00;0.00;0.00;0.00;0.00;0.50;0.50;0.00;0.00;0.50;0.50;0.00;0.00;0.50;0.50;0.00;0.00;0.50;0.50;0.00;0.00;0.00;0.00;0.00;0.00;0.33;0.33;0.00;-0.33;0.25;0.00;0.00;0.00;0.00;0.00;0.00;0.00;0.33;0.33;0.50;0.50;0.00;0.00;0.00;0.00
WhiteBishopF;0.33;0.33;0.33;0.50;0.50;0.50;0.50;0.50;0.50;0.50;0.50;0.50;0.50;0.50;0.50;0.50;0.50;0.33;0.33;0.33;0.00;0.20;0.20;0.20;0.20;0.25;0.25;0.00;0.00;0.00;0.00;0.00;0.00;0.33;0.33;0.33;0.33;0.25;0.25;0.00;0.00;0.33;0.33;0.33;0.00;0.50;0.50;0.50;0.50;0.50;0.00;0.20;D;D;D;D;D;D;D;D;D;D;D;D;D;D;D;D;D;D;D;D;D;D;D;D;D;D;D;D;D;D;D;D;D;D;D;D;D;D;D;D;D;D;D;D;D;D;D;D;D;D;D;D;D;D;D;D;D;D;D;D;D;D;D;D;D;D;D;D;D;D;D;D;D;D;D;D;D;D;D;D;D;D;D;D;D;D;D;D;D;D;D;D;D;D;D;D;D;D;D;D;D
WhiteHorseG;0.50;0.50;0.50;0.40;0.40;0.40;0.40;0.40;0.40;0.40;0.40;0.40;0.40;0.40;0.40;0.40;0.40;0.40;0.40;0.40;0.40;0.40;0.40;0.50;0.50;0.50;0.50;0.60;0.60;0.60;0.60;0.50;0.50;0.33;0.33;0.50;0.50;0.50;0.50;0.50;0.50;0.50;0.00;0.50;0.50;0.50;0.50;0.50;0.50;0.50;0.50;0.50;0.50;1.00;1.00;1.00;1.00;1.00;1.00;0.00;-0.50;1.00;1.00;1.00;1.00;1.00;1.00;0.50;0.50;0.50;0.50;0.50;0.50;1.00;1.00;0.00;-1.00;0.00;0.00;0.00;0.00;0.00;0.00;0.50;1.00;1.00;1.00;1.00;1.00;0.00;0.00;0.00;0.00;0.00;-1.00;0.00;0.00;0.00;0.00;0.00;0.00;0.00;0.00;0.00;-0.25;-0.50;-0.50;0.00;-0.33;0.00;0.00;0.00;0.00;0.00;0.33;0.00;-0.50;0.00;0.33;0.00;0.00;0.00;0.00;0.00;0.00;0.25;0.33;0.50;0.00;0.00;0.00;0.00;0.00;0.00;0.00;1.00;1.00;0.00;0.00;1.00;1.00;1.00;1.00;0.00;0.00;0.00;0.00;0.00;0.00;0.00;0.00;0.00;0.00
WhiteRookH;0.00;0.00;0.00;0.00;0.00;0.00;0.00;0.00;0.00;0.00;0.00;0.00;0.00;0.00;0.00;0.00;0.00;0.50;0.50;0.50;0.50;0.50;0.50;0.50;0.50;0.50;0.50;0.50;0.50;0.00;0.25;0.25;0.25;0.25;0.25;0.25;0.25;0.00;0.00;0.00;0.00;0.00;0.00;0.00;0.00;0.00;0.00;0.00;0.00;0.00;0.00;0.00;0.00;0.00;0.00;0.00;0.00;0.00;0.00;0.00;0.00;0.00;0.00;0.00;0.00;0.00;0.00;0.00;0.00;0.00;0.00;0.00;0.00;0.00;0.00;0.00;0.00;0.00;0.00;0.00;-1.00;0.00;0.00;0.00;0.00;0.00;0.00;0.00;0.00;0.00;0.00;0.00;0.00;0.00;0.00;0.00;0.00;0.00;0.00;0.00;0.00;0.00;0.00;0.00;0.00;-0.33;D;D;D;D;D;D;D;D;D;D;D;D;D;D;D;D;D;D;D;D;D;D;D;D;D;D;D;D;D;D;D;D;D;D;D;D;D;D;D;D;D;D;D;D;D;D;D
White Overall;0.04;0.04;0.04;0.04;0.03;0.03;0.03;0.03;0.03;0.03;0.03;0.03;0.03;0.03;0.03;0.03;0.03;0.03;0.03;0.03;0.03;0.03;0.03;0.02;0.02;0.03;0.03;0.04;0.04;0.03;0.04;0.05;0.04;0.05;0.05;0.04;0.04;0.03;0.06;0.04;0.03;0.05;0.06;0.06;0.05;0.05;0.04;0.05;0.05;0.06;0.07;0.07;0.06;0.07;0.07;0.07;0.10;0.09;0.09;0.06;0.02;0.05;0.05;0.06;0.06;0.05;0.08;0.07;0.07;0.08;0.08;0.07;0.07;0.08;0.08;0.04;0.00;0.01;0.02;0.02;0.02;0.05;0.05;0.07;0.07;0.10;0.09;0.08;0.05;0.02;0.05;0.05;0.05;0.10;0.05;0.10;0.10;0.10;0.10;0.10;0.10;0.10;0.10;0.10;0.09;0.07;0.15;0.17;0.14;0.17;0.17;0.08;0.08;0.17;0.19;0.08;0.04;0.17;0.19;0.08;0.08;0.17;0.17;0.08;0.08;0.19;0.19;0.17;0.13;0.17;0.17;0.17;0.17;0.19;0.19;0.17;0.14;0.19;0.17;0.17;0.13;0.13;0.33;0.17;0.17;0.22;0.22;0.08;0.08;0.00;-0.08;-0.17;0.00

BlackPawnA;1.00;1.00;1.00;1.00;0.25;D;D;D;D;D;D;D;D;D;D;D;D;D;D;D;D;D;D;D;D;D;D;D;D;D;D;D;D;D;D;D;D;D;D;D;D;D;D;D;D;D;D;D;D;D;D;D;D;D;D;D;D;D;D;D;D;D;D;D;D;D;D;D;D;D;D;D;D;D;D;D;D;D;D;D;D;D;D;D;D;D;D;D;D;D;D;D;D;D;D;D;D;D;D;D;D;D;D;D;D;D;D;D;D;D;D;D;D;D;D;D;D;D;D;D;D;D;D;D;D;D;D;D;D;D;D;D;D;D;D;D;D;D;D;D;D;D;D;D;D;D;D;D;D;D;D;D;D
BlackPawnB;1.00;1.00;0.50;0.50;0.50;0.50;0.50;0.50;0.50;0.50;0.50;0.50;0.50;0.50;0.50;0.00;0.00;0.00;0.00;0.50;0.50;0.00;0.00;0.00;0.00;0.00;0.00;-0.33;0.00;0.00;0.00;0.00;0.00;0.00;0.00;0.00;0.00;0.00;0.67;0.50;0.00;0.00;0.00;0.00;1.00;1.00;0.50;0.50;0.50;0.50;0.00;0.00;0.00;0.00;0.00;-0.33;-1.00;D;D;D;D;D;D;D;D;D;D;D;D;D;D;D;D;D;D;D;D;D;D;D;D;D;D;D;D;D;D;D;D;D;D;D;D;D;D;D;D;D;D;D;D;D;D;D;D;D;D;D;D;D;D;D;D;D;D;D;D;D;D;D;D;D;D;D;D;D;D;D;D;D;D;D;D;D;D;D;D;D;D;D;D;D;D;D;D;D;D;D;D;D;D;D;D
BlackPawnC;1.00;1.00;1.00;1.00;1.00;1.00;1.00;1.00;0.67;0.67;0.67;0.67;0.67;0.67;0.67;0.67;0.67;0.67;0.67;0.67;0.67;0.67;0.67;0.67;0.67;0.40;-1.00;D;D;D;D;D;D;D;D;D;D;D;D;D;D;D;D;D;D;D;D;D;D;D;D;D;D;D;D;D;D;D;D;D;D;D;D;D;D;D;D;D;D;D;D;D;D;D;D;D;D;D;D;D;D;D;D;D;D;D;D;D;D;D;D;D;D;D;D;D;D;D;D;D;D;D;D;D;D;D;D;D;D;D;D;D;D;D;D;D;D;D;D;D;D;D;D;D;D;D;D;D;D;D;D;D;D;D;D;D;D;D;D;D;D;D;D;D;D;D;D;D;D;D;D;D;D
BlackPawnD;1.00;1.00;0.80;0.80;0.80;0.80;0.83;0.83;0.40;0.40;0.40;0.17;0.17;0.17;0.17;0.17;0.17;0.17;0.00;0.00;0.40;0.25;0.25;0.00;-0.25;D;D;D;D;D;D;D;D;D;D;D;D;D;D;D;D;D;D;D;D;D;D;D;D;D;D;D;D;D;D;D;D;D;D;D;D;D;D;D;D;D;D;D;D;D;D;D;D;D;D;D;D;D;D;D;D;D;D;D;D;D;D;D;D;D;D;D;D;D;D;D;D;D;D;D;D;D;D;D;D;D;D;D;D;D;D;D;D;D;D;D;D;D;D;D;D;D;D;D;D;D;D;D;D;D;D;D;D;D;D;D;D;D;D;D;D;D;D;D;D;D;D;D;D;D;D;D;D
BlackPawnE;1.00;1.00;1.00;1.00;1.00;1.00;0.75;0.75;0.75;0.75;0.67;0.67;0.67;0.67;0.50;0.50;0.00;0.00;0.00;0.00;0.00;0.00;0.00;0.00;0.00;0.00;0.00;0.00;1.00;1.00;1.00;1.00;1.00;1.00;1.00;1.00;1.00;1.00;1.00;1.00;1.00;1.00;1.00;1.00;0.00;0.00;0.00;0.00;0.00;0.00;0.00;0.00;0.00;0.00;1.00;1.00;1.00;1.00;1.00;1.00;0.00;0.00;1.00;1.00;1.00;1.00;1.00;1.00;1.00;1.00;1.00;1.00;1.00;1.00;1.00;1.00;0.00;D;D;D;D;D;D;D;D;D;D;D;D;D;D;D;D;D;D;D;D;D;D;D;D;D;D;D;D;D;D;D;D;D;D;D;D;D;D;D;D;D;D;D;D;D;D;D;D;D;D;D;D;D;D;D;D;D;D;D;D;D;D;D;D;D;D;D;D;D;D;D;D;D;D;D;D
BlackPawnF;1.00;1.00;1.00;1.00;1.00;1.00;1.00;1.00;1.00;1.00;1.00;1.00;0.50;0.50;0.50;0.50;0.67;0.67;0.67;0.67;0.67;0.67;0.67;0.67;0.67;0.67;0.67;0.25;0.25;0.25;0.25;0.67;0.67;0.25;0.00;0.00;0.00;0.00;0.00;0.50;0.50;0.50;0.67;0.67;0.67;0.67;0.50;0.50;0.50;0.50;0.50;0.50;0.50;0.50;0.50;0.50;0.50;0.50;0.50;0.50;0.67;0.67;0.67;0.67;0.67;0.67;0.50;0.50;0.50;0.50;0.50;0.50;0.50;0.50;0.50;0.50;0.67;0.67;0.75;0.75;0.67;0.67;0.50;0.50;0.50;0.50;0.50;0.50;0.50;0.50;0.50;0.00;0.00;0.00;0.00;0.00;0.00;0.50;0.00;-0.50;0.00;0.50;0.00;-0.50;-0.50;-0.33;0.33;0.50;0.67;0.50;0.50;0.50;0.33;0.33;0.33;0.33;0.33;0.33;0.33;0.33;0.33;0.33;0.50;0.50;0.50;0.50;0.00;0.00;0.00;0.00;0.50;0.50;0.50;0.50;0.50;0.50;0.67;0.67;0.33;0.33;0.33;0.33;0.50;0.50;0.00;0.00;0.00;0.00;0.33;0.33;0.00;D;D
BlackPawnG;1.00;1.00;1.00;1.00;1.00;1.00;0.50;0.50;0.50;0.50;0.50;0.50;1.00;1.00;1.00;1.00;1.00;1.00;1.00;1.00;1.00;1.00;1.00;1.00;1.00;1.00;1.00;1.00;1.00;1.00;1.00;1.00;1.00;1.00;1.00;1.00;1.00;1.00;1.00;1.00;1.00;1.00;1.00;1.00;1.00;1.00;1.00;1.00;1.00;1.00;1.00;1.00;1.00;1.00;1.00;1.00;1.00;1.00;1.00;1.00;0.60;0.60;0.60;0.60;0.60;0.60;0.50;0.50;0.50;0.50;0.50;0.50;0.50;0.50;0.50;0.50;0.50;0.50;0.60;1.00;1.00;1.00;1.00;1.00;1.00;1.00;1.00;1.00;1.00;1.00;1.00;1.00;1.00;1.00;1.00;1.00;1.00;1.00;1.00;1.00;1.00;1.00;1.00;1.00;1.00;1.00;1.00;0.33;0.33;1.00;1.00;1.00;1.00;1.00;1.00;1.00;1.00;1.00;1.00;1.00;1.00;1.00;1.00;1.00;1.00;1.00;1.00;1.00;1.00;1.00;1.00;1.00;1.00;1.00;1.00;1.00;1.00;1.00;1.00;1.00;0.67;0.25;0.00;0.00;1.00;1.00;0.00;-1.00;-1.00;D;D;D;D
BlackPawnH;1.00;1.00;1.00;1.00;1.00;1.00;1.00;1.00;1.00;1.00;1.00;1.00;0.67;0.67;0.67;0.67;0.67;0.67;0.50;0.50;0.50;0.50;0.50;0.50;0.50;0.50;0.50;0.50;0.50;0.50;0.50;0.50;0.50;0.50;0.50;0.50;0.50;0.50;0.50;0.50;0.50;0.50;0.50;0.50;0.50;0.50;0.50;0.50;0.50;0.50;0.50;0.50;0.50;0.50;0.50;0.50;0.50;0.50;0.50;0.50;0.50;0.50;0.50;0.50;0.50;0.50;0.50;0.50;0.50;0.50;0.50;0.50;0.50;0.50;0.50;0.50;0.50;0.50;0.50;0.50;0.50;0.50;0.50;0.50;0.50;0.50;0.50;0.50;0.50;0.50;0.67;0.67;1.00;1.00;1.00;1.00;0.00;0.00;1.00;1.00;0.00;0.00;1.00;1.00;1.00;1.00;1.00;1.00;1.00;1.00;1.00;1.00;1.00;1.00;0.00;0.00;0.00;0.00;0.00;0.00;1.00;1.00;1.00;1.00;0.00;0.00;0.00;0.00;0.00;0.00;0.00;0.00;0.00;0.00;1.00;1.00;0.50;0.50;1.00;1.00;0.00;D;D;D;D;D;D;D;D;D;D;D;D
BlackRookA;0.00;0.00;0.00;0.00;0.00;0.00;0.00;0.00;0.00;0.00;0.33;0.33;0.33;0.33;0.33;0.33;0.33;0.33;0.33;0.33;0.33;0.33;0.33;0.33;0.00;0.00;0.00;0.00;0.00;0.00;0.33;-0.33;0.50;0.50;0.50;0.50;0.50;0.00;-0.50;D;D;D;D;D;D;D;D;D;D;D;D;D;D;D;D;D;D;D;D;D;D;D;D;D;D;D;D;D;D;D;D;D;D;D;D;D;D;D;D;D;D;D;D;D;D;D;D;D;D;D;D;D;D;D;D;D;D;D;D;D;D;D;D;D;D;D;D;D;D;D;D;D;D;D;D;D;D;D;D;D;D;D;D;D;D;D;D;D;D;D;D;D;D;D;D;D;D;D;D;D;D;D;D;D;D;D;D;D;D;D;D;D;D
BlackHorseB;0.50;0.50;0.33;0.33;0.33;0.33;0.33;0.33;0.50;0.50;0.50;0.50;0.50;0.50;0.50;0.50;0.50;0.50;0.50;0.50;0.50;0.50;0.50;0.50;0.50;0.50;1.00;1.00;0.25;0.25;-0.20;0.00;0.00;0.33;0.25;0.25;0.25;0.25;0.33;-0.20;-0.20;-0.20;0.00;0.00;0.00;0.00;0.00;0.00;0.00;0.00;0.00;0.00;0.00;0.00;0.33;0.50;0.00;-0.50;0.00;0.00;0.00;0.25;0.00;0.00;0.00;-0.25;0.00;0.00;0.00;-1.00;0.00;-1.00;0.00;0.00;0.00;0.00;0.00;0.00;0.00;-0.25;0.00;-1.00;0.00;0.00;-0.50;-0.50;-1.00;-1.00;0.00;0.00;0.00;0.00;0.00;0.00;1.00;1.00;1.00;1.00;1.00;1.00;1.00;1.00;1.00;1.00;0.00;1.00;0.00;0.00;0.00;0.00;0.00;-1.00;0.50;0.50;0.50;0.50;1.00;1.00;0.50;0.50;0.50;0.50;0.50;0.50;0.50;0.50;0.00;0.00;0.00;1.00;1.00;1.00;0.00;0.00;1.00;1.00;0.33;0.00;0.33;0.50;0.50;0.50;0.50;0.00;0.00;0.00;0.00;1.00;1.00;1.00;0.00;0.00;1.00
BlackBishopC;0.33;0.33;0.33;0.33;0.33;0.33;0.33;0.33;0.50;0.50;0.00;0.00;0.00;0.00;0.00;0.00;0.50;0.50;0.50;0.50;0.50;0.50;0.50;0.50;0.50;0.50;0.67;0.67;0.67;0.67;0.67;0.67;0.50;0.50;0.50;0.33;0.33;0.33;0.33;0.33;0.25;0.33;0.25;0.25;0.25;0.25;0.17;0.20;0.20;0.50;0.25;0.25;-0.67;D;D;D;D;D;D;D;D;D;D;D;D;D;D;D;D;D;D;D;D;D;D;D;D;D;D;D;D;D;D;D;D;D;D;D;D;D;D;D;D;D;D;D;D;D;D;D;D;D;D;D;D;D;D;D;D;D;D;D;D;D;D;D;D;D;D;D;D;D;D;D;D;D;D;D;D;D;D;D;D;D;D;D;D;D;D;D;D;D;D;D;D;D;D;D;D;D;D;D;D
BlackQueen;0.17;0.17;0.20;0.20;0.17;0.17;0.17;0.17;0.17;0.17;0.20;0.20;0.20;0.20;0.20;0.20;0.20;0.20;0.20;0.20;0.20;0.00;0.33;0.20;0.00;0.00;0.00;0.00;0.00;-0.25;0.17;D;D;D;D;D;D;D;D;D;D;D;D;D;D;D;D;D;D;D;D;D;D;D;D;D;D;D;D;D;D;D;D;D;D;D;D;D;D;D;D;D;D;D;D;D;D;D;D;D;D;D;D;D;D;D;D;D;D;D;D;D;D;D;D;D;D;D;D;D;D;D;D;D;D;D;D;D;D;D;D;D;D;D;D;D;D;D;D;D;D;D;D;D;D;D;D;D;D;D;D;D;D;D;D;D;D;D;D;D;D;D;D;D;D;D;D;D;D;D;D;D;D
BlackKing;0.17;0.17;0.17;0.17;0.17;0.17;0.29;0.29;0.33;0.33;0.25;0.25;0.25;0.25;0.50;0.50;0.33;0.33;0.20;0.20;0.20;0.20;0.25;0.25;0.25;0.25;0.25;0.25;0.25;0.25;0.25;0.25;0.25;0.25;0.33;0.33;0.00;0.00;0.00;0.00;0.00;0.00;0.00;0.00;0.00;0.00;0.00;0.00;0.00;0.00;0.00;0.00;0.00;0.00;0.00;0.00;0.00;0.00;0.00;0.00;0.00;0.00;0.00;0.00;0.00;0.00;0.00;0.00;0.00;0.00;0.00;0.00;0.00;0.00;0.00;0.00;0.00;0.00;0.00;0.00;0.00;0.00;0.00;0.00;0.00;0.00;0.00;0.00;0.00;0.00;0.00;0.00;0.00;0.00;0.00;0.00;0.00;-0.50;0.00;0.00;0.00;-0.50;0.00;0.00;0.00;0.00;0.00;-0.33;0.00;0.00;0.00;0.00;0.25;0.20;0.50;0.00;0.00;0.00;0.50;0.00;0.25;0.20;0.00;-0.20;0.00;-0.33;0.00;0.00;0.00;0.00;0.00;0.00;0.50;0.50;0.00;0.00;0.00;0.00;0.25;0.25;0.33;0.33;0.50;0.50;0.00;0.00;0.00;0.00;0.50;0.50;0.00;0.00;0.00
BlackBishopF;0.33;0.33;0.33;0.33;0.33;0.33;0.50;0.50;0.50;0.50;0.50;0.50;0.67;0.67;0.00;0.00;0.33;0.33;0.33;0.33;0.33;0.00;0.00;D;D;D;D;D;D;D;D;D;D;D;D;D;D;D;D;D;D;D;D;D;D;D;D;D;D;D;D;D;D;D;D;D;D;D;D;D;D;D;D;D;D;D;D;D;D;D;D;D;D;D;D;D;D;D;D;D;D;D;D;D;D;D;D;D;D;D;D;D;D;D;D;D;D;D;D;D;D;D;D;D;D;D;D;D;D;D;D;D;D;D;D;D;D;D;D;D;D;D;D;D;D;D;D;D;D;D;D;D;D;D;D;D;D;D;D;D;D;D;D;D;D;D;D;D;D;D;D;D;D
BlackHorseG;0.50;0.50;0.50;0.50;0.50;0.50;0.40;0.40;0.40;0.40;0.40;0.40;0.25;0.25;0.40;0.40;0.40;0.40;0.00;0.00;0.00;D;D;D;D;D;D;D;D;D;D;D;D;D;D;D;D;D;D;D;D;D;D;D;D;D;D;D;D;D;D;D;D;D;D;D;D;D;D;D;D;D;D;D;D;D;D;D;D;D;D;D;D;D;D;D;D;D;D;D;D;D;D;D;D;D;D;D;D;D;D;D;D;D;D;D;D;D;D;D;D;D;D;D;D;D;D;D;D;D;D;D;D;D;D;D;D;D;D;D;D;D;D;D;D;D;D;D;D;D;D;D;D;D;D;D;D;D;D;D;D;D;D;D;D;D;D;D;D;D;D;D;D
BlackRookH;0.00;0.00;0.00;0.00;0.00;0.00;0.00;0.00;0.00;0.00;0.00;0.00;0.00;0.00;0.33;0.33;0.40;0.40;0.40;0.40;0.40;0.40;0.25;0.25;0.25;0.25;0.25;0.25;0.25;0.25;0.25;0.25;0.25;0.25;0.33;0.33;0.50;0.50;0.50;0.50;1.00;1.00;0.50;0.50;0.00;0.00;0.00;0.00;0.50;0.50;0.00;0.00;0.00;0.00;0.00;0.00;0.00;0.00;0.00;0.00;0.00;0.00;0.00;0.00;0.00;0.00;0.00;0.00;0.00;0.00;0.00;0.00;0.00;0.00;0.00;0.00;0.00;0.00;0.00;0.00;0.00;0.00;0.00;-0.50;0.50;1.00;0.00;0.00;0.50;0.00;0.00;0.00;0.00;0.00;0.00;0.00;0.00;0.00;0.00;0.00;0.00;0.00;0.00;0.00;0.00;-0.33;0.00;-0.50;-0.50;D;D;D;D;D;D;D;D;D;D;D;D;D;D;D;D;D;D;D;D;D;D;D;D;D;D;D;D;D;D;D;D;D;D;D;D;D;D;D;D;D;D;D;D
Black Overall;0.04;0.04;0.04;0.04;0.03;0.04;0.04;0.04;0.03;0.03;0.03;0.03;0.03;0.03;0.03;0.03;0.03;0.03;0.03;0.03;0.03;0.03;0.03;0.03;0.03;0.03;0.03;0.03;0.04;0.04;0.04;0.04;0.05;0.05;0.05;0.05;0.05;0.04;0.04;0.06;0.06;0.06;0.05;0.05;0.05;0.05;0.04;0.04;0.04;0.05;0.03;0.03;0.02;0.04;0.06;0.06;0.04;0.06;0.07;0.07;0.04;0.05;0.07;0.07;0.07;0.06;0.06;0.06;0.06;0.04;0.06;0.04;0.06;0.06;0.06;0.06;0.04;0.06;0.06;0.07;0.07;0.04;0.07;0.05;0.07;0.08;0.03;0.03;0.08;0.07;0.07;0.06;0.07;0.07;0.10;0.10;0.07;0.07;0.10;0.08;0.07;0.07;0.10;0.08;0.05;0.08;0.08;0.03;0.05;0.13;0.13;0.07;0.15;0.15;0.12;0.09;0.12;0.12;0.12;0.09;0.15;0.15;0.15;0.14;0.10;0.08;0.05;0.05;0.05;0.10;0.13;0.13;0.10;0.10;0.17;0.17;0.13;0.11;0.15;0.15;0.09;0.12;0.13;0.08;0.08;0.08;0.00;0.00;0.07;0.30;0.00;0.00;0.50

Ecosystem balance;0.02;0.02;0.02;0.02;0.02;0.02;0.02;0.02;0.01;0.01;0.01;0.01;0.01;0.01;0.01;0.01;0.01;0.01;0.01;0.01;0.01;0.01;0.01;0.01;0.01;0.01;0.01;0.02;0.02;0.02;0.02;0.02;0.02;0.02;0.02;0.02;0.02;0.02;0.02;0.02;0.02;0.03;0.03;0.03;0.02;0.02;0.02;0.02;0.02;0.03;0.02;0.02;0.02;0.03;0.03;0.03;0.03;0.03;0.04;0.03;0.02;0.02;0.03;0.03;0.03;0.02;0.03;0.03;0.03;0.03;0.03;0.02;0.03;0.03;0.03;0.02;0.01;0.01;0.02;0.02;0.02;0.02;0.03;0.03;0.03;0.04;0.03;0.03;0.03;0.02;0.03;0.02;0.03;0.04;0.04;0.05;0.04;0.04;0.05;0.04;0.04;0.04;0.05;0.04;0.03;0.03;0.05;0.03;0.04;0.06;0.06;0.03;0.06;0.07;0.06;0.04;0.04;0.06;0.06;0.04;0.06;0.07;0.07;0.05;0.04;0.05;0.05;0.04;0.03;0.06;0.06;0.06;0.06;0.06;0.08;0.08;0.06;0.06;0.07;0.07;0.05;0.05;0.08;0.05;0.05;0.06;0.03;0.01;0.03;0.06;-0.02;-0.05;0.08
